Date,TotalForecastOrders,OutletsWithHighDemand,OutletsWithLowDemand,DemandStatus
2025-10-01,194,0,0,Normal demand
2025-10-02,198,0,0,Normal demand
2025-10-03,205,0,0,Normal demand
2025-10-04,192,0,0,Normal demand
2025-10-05,208,1,0,Normal demand
2025-10-06,194,0,0,Normal demand
2025-10-07,194,0,0,Normal demand
2025-10-08,198,0,0,Normal demand
2025-10-09,194,0,0,Normal demand
2025-10-10,200,0,0,Normal demand
2025-10-11,188,0,0,Normal demand
2025-10-12,189,0,0,Normal demand
2025-10-13,193,0,0,Normal demand
2025-10-14,194,0,0,Normal demand
