Date,Outlet,ForecastOrders,DayName,IsWeekend,DemandIndex,DemandLevel
2025-10-01,SHOP001,94,Wednesday,0,92.67605633802816,Normal
2025-10-01,SHOP002,35,Wednesday,0,102.2964509394572,Normal
2025-10-01,SHOP003,65,Wednesday,0,108.07600950118766,Normal
2025-10-02,SHOP001,105,Thursday,0,103.52112676056338,Normal
2025-10-02,SHOP002,30,Thursday,0,87.68267223382045,Normal
2025-10-02,SHOP003,63,Thursday,0,104.75059382422802,Normal
2025-10-03,SHOP001,105,Friday,0,103.52112676056338,Normal
2025-10-03,SHOP002,35,Friday,0,102.2964509394572,Normal
2025-10-03,SHOP003,65,Friday,0,108.07600950118766,Normal
2025-10-04,SHOP001,96,Saturday,1,94.64788732394366,Normal
2025-10-04,SHOP002,31,Saturday,1,90.6054279749478,Normal
2025-10-04,SHOP003,65,Saturday,1,108.07600950118766,Normal
2025-10-05,SHOP001,104,Sunday,1,102.53521126760563,Normal
2025-10-05,SHOP002,40,Sunday,1,116.91022964509395,High
2025-10-05,SHOP003,64,Sunday,1,106.41330166270784,Normal
2025-10-06,SHOP001,103,Monday,0,101.54929577464789,Normal
2025-10-06,SHOP002,34,Monday,0,99.37369519832984,Normal
2025-10-06,SHOP003,57,Monday,0,94.77434679334917,Normal
2025-10-07,SHOP001,97,Tuesday,0,95.63380281690141,Normal
2025-10-07,SHOP002,36,Tuesday,0,105.21920668058455,Normal
2025-10-07,SHOP003,61,Tuesday,0,101.42517814726841,Normal
2025-10-08,SHOP001,103,Wednesday,0,101.54929577464789,Normal
2025-10-08,SHOP002,34,Wednesday,0,99.37369519832984,Normal
2025-10-08,SHOP003,61,Wednesday,0,101.42517814726841,Normal
2025-10-09,SHOP001,99,Thursday,0,97.60563380281691,Normal
2025-10-09,SHOP002,34,Thursday,0,99.37369519832984,Normal
2025-10-09,SHOP003,61,Thursday,0,101.42517814726841,Normal
2025-10-10,SHOP001,107,Friday,0,105.49295774647887,Normal
2025-10-10,SHOP002,33,Friday,0,96.4509394572025,Normal
2025-10-10,SHOP003,60,Friday,0,99.7624703087886,Normal
2025-10-11,SHOP001,99,Saturday,1,97.60563380281691,Normal
2025-10-11,SHOP002,35,Saturday,1,102.2964509394572,Normal
2025-10-11,SHOP003,54,Saturday,1,89.78622327790974,Normal
2025-10-12,SHOP001,99,Sunday,1,97.60563380281691,Normal
2025-10-12,SHOP002,34,Sunday,1,99.37369519832984,Normal
2025-10-12,SHOP003,56,Sunday,1,93.11163895486936,Normal
2025-10-13,SHOP001,106,Monday,0,104.50704225352112,Normal
2025-10-13,SHOP002,32,Monday,0,93.52818371607515,Normal
2025-10-13,SHOP003,55,Monday,0,91.44893111638955,Normal
2025-10-14,SHOP001,103,Tuesday,0,101.54929577464789,Normal
2025-10-14,SHOP002,36,Tuesday,0,105.21920668058455,Normal
2025-10-14,SHOP003,55,Tuesday,0,91.44893111638955,Normal
