Year,Month,MonthName,Category,UnitsSold,AllocatedRevenue,Transactions
2025,1,January,Coffee,2260,47667000.0,2158
2025,1,January,Menu Gedhe,1257,34270000.0,1217
2025,1,January,Other,1008,21685000.0,984
2025,1,January,Tea,814,16770000.0,795
2025,1,January,Snacks,588,9084000.0,581
2025,1,January,Add on,264,1757000.0,262
2025,2,February,Coffee,2505,52235000.0,2401
2025,2,February,Menu Gedhe,1439,39280000.0,1393
2025,2,February,Other,1176,25411000.0,1150
2025,2,February,Tea,972,19937000.0,960
2025,2,February,Snacks,669,10263000.0,660
2025,2,February,Add on,298,2054000.0,296
2025,3,March,Coffee,2640,55967000.0,2519
2025,3,March,Menu Gedhe,1488,40730000.0,1444
2025,3,March,Other,1087,23503000.0,1079
2025,3,March,Tea,967,19509000.0,952
2025,3,March,Snacks,650,10507000.0,644
2025,3,March,Add on,333,2169000.0,331
2025,4,April,Coffee,1908,40585000.0,1803
2025,4,April,Menu Gedhe,1028,27820000.0,997
2025,4,April,Other,867,18689000.0,849
2025,4,April,Tea,691,13947000.0,676
2025,4,April,Snacks,473,7808000.0,467
2025,4,April,Add on,198,1346000.0,197
2025,5,May,Coffee,2227,46954000.0,2126
2025,5,May,Menu Gedhe,1242,34220000.0,1211
2025,5,May,Other,1029,22291000.0,1006
2025,5,May,Tea,881,17845000.0,867
2025,5,May,Snacks,608,9600000.0,602
2025,5,May,Add on,254,1729000.0,252
2025,6,June,Coffee,3077,65029000.0,2922
2025,6,June,Menu Gedhe,1770,48000000.0,1731
2025,6,June,Other,1398,30492000.0,1368
2025,6,June,Tea,1177,24032000.0,1159
2025,6,June,Snacks,835,12634000.0,828
2025,6,June,Add on,392,2582000.0,391
2025,7,July,Coffee,3009,63868000.0,2871
2025,7,July,Menu Gedhe,1646,44920000.0,1610
2025,7,July,Other,1343,29393000.0,1316
2025,7,July,Tea,1125,22964000.0,1109
2025,7,July,Snacks,790,12639000.0,783
2025,7,July,Add on,373,2502000.0,372
2025,8,August,Coffee,2448,51632000.0,2342
2025,8,August,Menu Gedhe,1405,38320000.0,1366
2025,8,August,Other,1079,23128000.0,1065
2025,8,August,Tea,989,20102000.0,966
2025,8,August,Snacks,678,10692000.0,671
2025,8,August,Add on,258,1750000.0,258
2025,9,September,Coffee,2348,49322000.0,2231
2025,9,September,Menu Gedhe,1306,35470000.0,1270
2025,9,September,Other,1008,21745000.0,988
2025,9,September,Tea,878,17952000.0,866
2025,9,September,Snacks,541,8624000.0,536
2025,9,September,Add on,279,1852000.0,278
