Outlet,Category,UnitsSold,AllocatedRevenue,Transactions,UniqueProducts,RevenueShareWithinOutlet
SHOP001,Coffee,10874,229502000.0,10354,34,35.63098113980885
SHOP001,Menu Gedhe,6139,168580000.0,5974,19,26.17262943481528
SHOP001,Other,4921,107162000.0,4826,15,16.63727201028399
SHOP001,Tea,4157,84695000.0,4094,13,13.149192371465654
SHOP001,Snacks,2871,45489000.0,2844,9,7.062324951716172
SHOP001,Add on,1287,8680000.0,1284,4,1.3476000919100524
SHOP002,Coffee,4596,96591000.0,4379,34,36.914134156781216
SHOP002,Menu Gedhe,2559,69180000.0,2482,19,26.438485997309524
SHOP002,Other,1951,41483000.0,1915,15,15.853537360890302
SHOP002,Tea,1648,33599000.0,1614,13,12.840513024336552
SHOP002,Snacks,1127,17503000.0,1114,9,6.6891127552892256
SHOP002,Add on,502,3308000.0,501,4,1.2642167053931759
SHOP003,Coffee,6952,147166000.0,6640,34,35.93762209892944
SHOP003,Menu Gedhe,3883,105270000.0,3783,19,25.706708603578964
SHOP003,Other,3123,67692000.0,3064,15,16.530241462842852
SHOP003,Tea,2689,54764000.0,2642,13,13.37325154333047
SHOP003,Snacks,1834,28859000.0,1814,9,7.047306009220911
SHOP003,Add on,860,5753000.0,852,4,1.4048702820973666
