Outlet,ProductId,ProductName,Variant,Category,UnitsSold,AllocatedRevenue,Transactions
SHOP001,59,Hazelnut Latte (Gedhe),-,Menu Gedhe,349,10200000.0,349
SHOP001,75,Not Tiramisu Latte (Gedhe),-,Menu Gedhe,349,10050000.0,349
SHOP001,92,WHITE,Arabica,Menu Gedhe,346,10050000.0,346
SHOP001,91,WHITE,Houseblend,Menu Gedhe,335,9690000.0,335
SHOP001,21,Biru (Gedhe),-,Menu Gedhe,332,9510000.0,332
SHOP001,56,Happy Moca,Hot,Coffee,326,9480000.0,326
SHOP001,54,Green Thai Tea (Gedhe),-,Menu Gedhe,322,9390000.0,322
SHOP001,86,Thai Tea (Gedhe),-,Menu Gedhe,329,9330000.0,329
SHOP001,9,Apple Pie Latte (Gedhe),-,Menu Gedhe,319,9270000.0,319
SHOP001,28,Candy Latte (Gedhe),-,Menu Gedhe,320,9210000.0,320
SHOP001,71,Matchapresso (Gedhe),-,Menu Gedhe,320,9180000.0,320
SHOP001,89,Vanilla Latte (Gedhe),-,Menu Gedhe,324,9180000.0,324
SHOP001,90,WHITE,-,Menu Gedhe,314,9030000.0,314
SHOP001,37,Chocolate (Gedhe),-,Menu Gedhe,312,8940000.0,312
SHOP001,69,Matcha Latte (Gedhe),-,Menu Gedhe,307,8910000.0,307
SHOP001,26,Butterscotch Latte (Gedhe),-,Menu Gedhe,307,8850000.0,307
SHOP001,57,Happy Moca,Ice,Coffee,301,8790000.0,301
SHOP001,51,Friendly Coffee (Gedhe),-,Menu Gedhe,301,8730000.0,301
SHOP001,94,Creamy Chocolate Cake,-,Other,291,8580000.0,291
SHOP001,35,Chocolate,Ice,Other,350,8475000.0,350
SHOP001,93,Croffle,-,Snacks,313,8260000.0,313
SHOP001,95,Waffle,-,Snacks,332,8075000.0,332
SHOP001,34,Chocolate,Hot,Other,327,7875000.0,327
SHOP001,70,Matchapresso,-,Coffee,328,7825000.0,328
SHOP001,74,Not Tiramisu Latte,-,Coffee,343,7824000.0,343
SHOP001,18,Basic Latte,Ice Arabica,Coffee,348,7820000.0,348
SHOP001,80,Sitrus Cafe,-,Coffee,340,7800000.0,340
SHOP001,38,Creamy Klepon,-,Other,340,7776000.0,340
SHOP001,61,Jasmine,Hot,Tea,365,7665000.0,365
SHOP001,46,Forbidden Berry,-,Other,325,7608000.0,325
SHOP001,23,Black Rice,Hot,Other,344,7567000.0,344
SHOP001,22,Black Rice,Ice,Other,339,7567000.0,339
SHOP001,50,Friendly Coffee,Ice,Coffee,343,7567000.0,343
SHOP001,62,Jus Semangka,-,Other,359,7546000.0,359
SHOP001,67,Matcha Latte,Ice,Other,328,7536000.0,328
SHOP001,36,Cold Brew,-,Coffee,323,7440000.0,323
SHOP001,83,Sunset,-,Other,335,7383000.0,335
SHOP001,49,Friendly Coffee,Hot,Coffee,338,7383000.0,338
SHOP001,25,Butterscotch,-,Coffee,335,7383000.0,335
SHOP001,68,Matcha Latte,Hot,Other,317,7344000.0,317
SHOP001,66,Matcha Espresso,-,Coffee,305,7300000.0,305
SHOP001,96,Pisang Coklat,-,Snacks,340,7172000.0,340
SHOP001,16,Basic Latte,Ice Houseblend,Coffee,335,7153000.0,335
SHOP001,52,Green Apple,-,Tea,338,7098000.0,338
SHOP001,15,Basic Latte,Hot Arabica,Coffee,322,7084000.0,322
SHOP001,11,BLACK,Houseblend,Menu Gedhe,354,7080000.0,354
SHOP001,8,Apple Pie Latte,-,Coffee,305,7080000.0,305
SHOP001,82,Summer,-,Tea,318,7061000.0,318
SHOP001,47,Friendly Coffee,Hot double shot,Coffee,320,7061000.0,320
SHOP001,19,Berry Cake,-,Other,300,6960000.0,300
SHOP001,79,Shakencano,-,Coffee,330,6930000.0,330
SHOP001,65,Lemons,-,Other,344,6880000.0,344
SHOP001,88,Vanilla Latte,-,Coffee,309,6854000.0,309
SHOP001,58,Hazelnut Latte,-,Coffee,307,6831000.0,307
SHOP001,27,Candy Latte,-,Coffee,311,6808000.0,311
SHOP001,6,Americano,Hot Arabica,Coffee,340,6800000.0,340
SHOP001,53,Green Thai Tea,-,Tea,323,6783000.0,323
SHOP001,48,Friendly Coffee,Ice double shot,Coffee,304,6762000.0,304
SHOP001,60,Jasmine,Ice,Tea,320,6720000.0,320
SHOP001,30,Cappuccino,Hot Arabica,Coffee,317,6666000.0,317
SHOP001,32,Cappuccino,Ice Arabica,Coffee,320,6666000.0,320
SHOP001,20,Biru,-,Coffee,292,6624000.0,292
SHOP001,29,Cappuccino,Hot Houseblend,Coffee,316,6622000.0,316
SHOP001,72,Moody,-,Tea,302,6601000.0,302
SHOP003,37,Chocolate (Gedhe),-,Menu Gedhe,227,6600000.0,227
SHOP001,85,Thai Tea,-,Tea,314,6594000.0,314
SHOP001,63,Lemon Tea,Hot,Tea,314,6594000.0,314
SHOP001,5,Americano,Ice Houesblend,Coffee,329,6580000.0,329
SHOP001,64,Lemon Tea,Ice,Tea,312,6552000.0,312
SHOP001,17,Basic Latte,Hot Houseblend,Coffee,295,6509000.0,295
SHOP001,78,Red Liquid,-,Other,297,6440000.0,297
SHOP003,57,Happy Moca,Ice,Coffee,220,6390000.0,220
SHOP001,31,Cappuccino,Ice Houseblend,Coffee,302,6380000.0,302
SHOP003,90,WHITE,-,Menu Gedhe,219,6360000.0,219
SHOP001,7,Americano,Ice Arabica,Coffee,318,6360000.0,318
SHOP003,54,Green Thai Tea (Gedhe),-,Menu Gedhe,219,6330000.0,219
SHOP001,12,BLACK,Arabica,Menu Gedhe,314,6280000.0,314
SHOP001,77,Red Apple,-,Tea,299,6279000.0,299
SHOP003,94,Creamy Chocolate Cake,-,Other,218,6270000.0,218
SHOP003,59,Hazelnut Latte (Gedhe),-,Menu Gedhe,213,6120000.0,213
SHOP003,75,Not Tiramisu Latte (Gedhe),-,Menu Gedhe,216,6120000.0,216
SHOP003,92,WHITE,Arabica,Menu Gedhe,213,6060000.0,213
SHOP003,56,Happy Moca,Hot,Coffee,210,6000000.0,210
SHOP001,33,Chamomile,-,Tea,298,5960000.0,298
SHOP003,89,Vanilla Latte (Gedhe),-,Menu Gedhe,208,5880000.0,208
SHOP003,21,Biru (Gedhe),-,Menu Gedhe,203,5880000.0,203
SHOP001,81,Soft Tea,-,Tea,326,5868000.0,326
SHOP003,91,WHITE,Houseblend,Menu Gedhe,207,5850000.0,207
SHOP003,51,Friendly Coffee (Gedhe),-,Menu Gedhe,203,5760000.0,203
SHOP001,10,BLACK,-,Menu Gedhe,285,5700000.0,285
SHOP003,26,Butterscotch Latte (Gedhe),-,Menu Gedhe,198,5670000.0,198
SHOP003,9,Apple Pie Latte (Gedhe),-,Menu Gedhe,207,5670000.0,207
SHOP001,4,Americano,Hot Houseblend,Coffee,282,5640000.0,282
SHOP003,95,Waffle,-,Snacks,226,5325000.0,226
SHOP003,86,Thai Tea (Gedhe),-,Menu Gedhe,194,5310000.0,194
SHOP003,69,Matcha Latte (Gedhe),-,Menu Gedhe,188,5280000.0,188
SHOP003,28,Candy Latte (Gedhe),-,Menu Gedhe,186,5280000.0,186
SHOP003,34,Chocolate,Hot,Other,218,5275000.0,218
SHOP003,8,Apple Pie Latte,-,Coffee,232,5256000.0,232
SHOP003,66,Matcha Espresso,-,Coffee,216,5175000.0,216
SHOP003,38,Creamy Klepon,-,Other,229,5160000.0,229
SHOP003,71,Matchapresso (Gedhe),-,Menu Gedhe,182,5100000.0,182
SHOP003,49,Friendly Coffee,Hot,Coffee,225,5083000.0,225
SHOP003,50,Friendly Coffee,Ice,Coffee,227,5060000.0,227
SHOP003,70,Matchapresso,-,Coffee,213,5025000.0,213
SHOP003,60,Jasmine,Ice,Tea,239,5019000.0,239
SHOP003,25,Butterscotch,-,Coffee,232,5014000.0,232
SHOP003,35,Chocolate,Ice,Other,205,4975000.0,205
SHOP003,48,Friendly Coffee,Ice double shot,Coffee,221,4922000.0,221
SHOP003,19,Berry Cake,-,Other,212,4920000.0,212
SHOP001,73,Nostaltea,-,Tea,328,4920000.0,328
SHOP003,67,Matcha Latte,Ice,Other,213,4920000.0,213
SHOP003,82,Summer,-,Tea,221,4807000.0,221
SHOP003,93,Croffle,-,Snacks,179,4788000.0,179
SHOP003,78,Red Liquid,-,Other,217,4738000.0,217
SHOP003,88,Vanilla Latte,-,Coffee,218,4738000.0,218
SHOP003,29,Cappuccino,Hot Houseblend,Coffee,214,4664000.0,214
SHOP003,96,Pisang Coklat,-,Snacks,220,4642000.0,220
SHOP003,68,Matcha Latte,Hot,Other,200,4608000.0,200
SHOP003,30,Cappuccino,Hot Arabica,Coffee,224,4598000.0,224
SHOP003,63,Lemon Tea,Hot,Tea,218,4578000.0,218
SHOP003,46,Forbidden Berry,-,Other,201,4536000.0,201
SHOP003,52,Green Apple,-,Tea,215,4515000.0,215
SHOP003,16,Basic Latte,Ice Houseblend,Coffee,206,4508000.0,206
SHOP003,27,Candy Latte,-,Coffee,201,4508000.0,201
SHOP002,37,Chocolate (Gedhe),-,Menu Gedhe,161,4500000.0,161
SHOP003,79,Shakencano,-,Coffee,213,4473000.0,213
SHOP003,77,Red Apple,-,Tea,212,4452000.0,212
SHOP003,65,Lemons,-,Other,222,4440000.0,222
SHOP003,61,Jasmine,Hot,Tea,211,4431000.0,211
SHOP003,58,Hazelnut Latte,-,Coffee,201,4416000.0,201
SHOP003,20,Biru,-,Coffee,192,4416000.0,192
SHOP003,15,Basic Latte,Hot Arabica,Coffee,201,4370000.0,201
SHOP003,80,Sitrus Cafe,-,Coffee,191,4368000.0,191
SHOP003,85,Thai Tea,-,Tea,208,4368000.0,208
SHOP003,47,Friendly Coffee,Hot double shot,Coffee,197,4347000.0,197
SHOP003,4,Americano,Hot Houseblend,Coffee,217,4340000.0,217
SHOP003,64,Lemon Tea,Ice,Tea,204,4284000.0,204
SHOP003,11,BLACK,Houseblend,Menu Gedhe,214,4280000.0,214
SHOP002,54,Green Thai Tea (Gedhe),-,Menu Gedhe,146,4260000.0,146
SHOP003,6,Americano,Hot Arabica,Coffee,213,4260000.0,213
SHOP003,5,Americano,Ice Houesblend,Coffee,212,4240000.0,212
SHOP002,91,WHITE,Houseblend,Menu Gedhe,146,4230000.0,146
SHOP003,74,Not Tiramisu Latte,-,Coffee,187,4224000.0,187
SHOP003,83,Sunset,-,Other,191,4209000.0,191
SHOP003,62,Jus Semangka,-,Other,206,4202000.0,206
SHOP003,53,Green Thai Tea,-,Tea,200,4200000.0,200
SHOP002,51,Friendly Coffee (Gedhe),-,Menu Gedhe,143,4200000.0,143
SHOP002,56,Happy Moca,Hot,Coffee,144,4200000.0,144
SHOP003,23,Black Rice,Hot,Other,186,4186000.0,186
SHOP002,57,Happy Moca,Ice,Coffee,143,4170000.0,143
SHOP003,22,Black Rice,Ice,Other,187,4163000.0,187
SHOP003,17,Basic Latte,Hot Houseblend,Coffee,188,4071000.0,188
SHOP002,28,Candy Latte (Gedhe),-,Menu Gedhe,140,4050000.0,140
SHOP003,18,Basic Latte,Ice Arabica,Coffee,182,4048000.0,182
SHOP001,43,Espresso Houseblend,Basic Espresso,Coffee,336,4032000.0,336
SHOP002,69,Matcha Latte (Gedhe),-,Menu Gedhe,136,3990000.0,136
SHOP003,31,Cappuccino,Ice Houseblend,Coffee,188,3982000.0,188
SHOP003,12,BLACK,Arabica,Menu Gedhe,199,3980000.0,199
SHOP003,7,Americano,Ice Arabica,Coffee,196,3920000.0,196
SHOP001,40,Espresso Arabica,On The Rock,Coffee,324,3888000.0,324
SHOP001,42,Espresso Houseblend,On The Rock,Coffee,322,3864000.0,322
SHOP003,33,Chamomile,-,Tea,193,3860000.0,193
SHOP001,14,Banana Bread,Original,Snacks,320,3840000.0,320
SHOP002,9,Apple Pie Latte (Gedhe),-,Menu Gedhe,138,3840000.0,138
SHOP003,72,Moody,-,Tea,178,3818000.0,178
SHOP002,75,Not Tiramisu Latte (Gedhe),-,Menu Gedhe,133,3810000.0,133
SHOP001,76,Nutella Meses,-,Snacks,317,3804000.0,317
SHOP003,36,Cold Brew,-,Coffee,162,3768000.0,162
SHOP001,55,Gula Gula,-,Snacks,314,3768000.0,314
SHOP003,10,BLACK,-,Menu Gedhe,187,3740000.0,187
SHOP001,41,Espresso Arabica,Basic Espresso,Coffee,308,3696000.0,308
SHOP001,13,Banana Bread,Chocolate,Snacks,307,3684000.0,307
SHOP002,59,Hazelnut Latte (Gedhe),-,Menu Gedhe,130,3660000.0,130
SHOP001,24,Burnt Sugar,-,Snacks,303,3636000.0,303
SHOP002,89,Vanilla Latte (Gedhe),-,Menu Gedhe,131,3630000.0,131
SHOP002,66,Matcha Espresso,-,Coffee,150,3600000.0,150
SHOP003,32,Cappuccino,Ice Arabica,Coffee,170,3586000.0,170
SHOP002,71,Matchapresso (Gedhe),-,Menu Gedhe,124,3540000.0,124
SHOP002,90,WHITE,-,Menu Gedhe,125,3510000.0,125
SHOP003,81,Soft Tea,-,Tea,194,3492000.0,194
SHOP002,92,WHITE,Arabica,Menu Gedhe,120,3420000.0,120
SHOP002,26,Butterscotch Latte (Gedhe),-,Menu Gedhe,119,3390000.0,119
SHOP002,86,Thai Tea (Gedhe),-,Menu Gedhe,123,3390000.0,123
SHOP002,80,Sitrus Cafe,-,Coffee,143,3336000.0,143
SHOP002,94,Creamy Chocolate Cake,-,Other,118,3300000.0,118
SHOP002,34,Chocolate,Hot,Other,138,3300000.0,138
SHOP002,79,Shakencano,-,Coffee,156,3276000.0,156
SHOP001,39,Donat Polos,-,Snacks,325,3250000.0,325
SHOP001,84,Susu Oat,-,Add on,325,3250000.0,325
SHOP002,35,Chocolate,Ice,Other,138,3250000.0,138
SHOP002,78,Red Liquid,-,Other,150,3243000.0,150
SHOP002,50,Friendly Coffee,Ice,Coffee,145,3197000.0,145
SHOP002,88,Vanilla Latte,-,Coffee,146,3197000.0,146
SHOP002,36,Cold Brew,-,Coffee,143,3192000.0,143
SHOP002,21,Biru (Gedhe),-,Menu Gedhe,115,3180000.0,115
SHOP002,49,Friendly Coffee,Hot,Coffee,145,3151000.0,145
SHOP002,20,Biru,-,Coffee,137,3144000.0,137
SHOP002,19,Berry Cake,-,Other,136,3144000.0,136
SHOP002,83,Sunset,-,Other,148,3082000.0,148
SHOP002,23,Black Rice,Hot,Other,138,3082000.0,138
SHOP002,27,Candy Latte,-,Coffee,141,3082000.0,141
SHOP002,93,Croffle,-,Snacks,117,3080000.0,117
SHOP002,6,Americano,Hot Arabica,Coffee,153,3060000.0,153
SHOP002,58,Hazelnut Latte,-,Coffee,140,3059000.0,140
SHOP002,8,Apple Pie Latte,-,Coffee,133,3024000.0,133
SHOP002,77,Red Apple,-,Tea,144,3024000.0,144
SHOP002,25,Butterscotch,-,Coffee,134,2967000.0,134
SHOP002,10,BLACK,-,Menu Gedhe,148,2960000.0,148
SHOP002,15,Basic Latte,Hot Arabica,Coffee,136,2944000.0,136
SHOP003,73,Nostaltea,-,Tea,196,2940000.0,196
SHOP002,70,Matchapresso,-,Coffee,121,2900000.0,121
SHOP002,12,BLACK,Arabica,Menu Gedhe,145,2900000.0,145
SHOP002,5,Americano,Ice Houesblend,Coffee,145,2900000.0,145
SHOP002,47,Friendly Coffee,Hot double shot,Coffee,133,2898000.0,133
SHOP002,31,Cappuccino,Ice Houseblend,Coffee,140,2882000.0,140
SHOP002,17,Basic Latte,Hot Houseblend,Coffee,131,2875000.0,131
SHOP002,60,Jasmine,Ice,Tea,136,2856000.0,136
SHOP002,4,Americano,Hot Houseblend,Coffee,142,2840000.0,142
SHOP002,18,Basic Latte,Ice Arabica,Coffee,136,2829000.0,136
SHOP002,63,Lemon Tea,Hot,Tea,134,2814000.0,134
SHOP002,74,Not Tiramisu Latte,-,Coffee,123,2784000.0,123
SHOP002,82,Summer,-,Tea,128,2783000.0,128
SHOP002,95,Waffle,-,Snacks,114,2775000.0,114
SHOP002,53,Green Thai Tea,-,Tea,132,2772000.0,132
SHOP002,52,Green Apple,-,Tea,132,2772000.0,132
SHOP002,38,Creamy Klepon,-,Other,125,2760000.0,125
SHOP002,67,Matcha Latte,Ice,Other,124,2736000.0,124
SHOP002,65,Lemons,-,Other,136,2720000.0,136
SHOP002,11,BLACK,Houseblend,Menu Gedhe,136,2720000.0,136
SHOP002,22,Black Rice,Ice,Other,126,2714000.0,126
SHOP002,32,Cappuccino,Ice Arabica,Coffee,127,2706000.0,127
SHOP002,96,Pisang Coklat,-,Snacks,129,2706000.0,129
SHOP002,48,Friendly Coffee,Ice double shot,Coffee,123,2668000.0,123
SHOP002,33,Chamomile,-,Tea,130,2600000.0,130
SHOP003,14,Banana Bread,Original,Snacks,216,2592000.0,216
SHOP002,61,Jasmine,Hot,Tea,121,2541000.0,121
SHOP002,62,Jus Semangka,-,Other,119,2508000.0,119
SHOP002,85,Thai Tea,-,Tea,119,2499000.0,119
SHOP002,68,Matcha Latte,Hot,Other,107,2496000.0,107
SHOP002,72,Moody,-,Tea,110,2461000.0,110
SHOP002,64,Lemon Tea,Ice,Tea,117,2457000.0,117
SHOP002,46,Forbidden Berry,-,Other,108,2448000.0,108
SHOP003,24,Burnt Sugar,-,Snacks,204,2448000.0,204
SHOP003,55,Gula Gula,-,Snacks,202,2424000.0,202
SHOP003,40,Espresso Arabica,On The Rock,Coffee,201,2412000.0,201
SHOP002,7,Americano,Ice Arabica,Coffee,119,2380000.0,119
SHOP002,30,Cappuccino,Hot Arabica,Coffee,120,2376000.0,120
SHOP003,43,Espresso Houseblend,Basic Espresso,Coffee,197,2364000.0,197
SHOP002,29,Cappuccino,Hot Houseblend,Coffee,114,2354000.0,114
SHOP003,13,Banana Bread,Chocolate,Snacks,196,2352000.0,196
SHOP003,41,Espresso Arabica,Basic Espresso,Coffee,193,2316000.0,193
SHOP003,42,Espresso Houseblend,On The Rock,Coffee,192,2304000.0,192
SHOP002,16,Basic Latte,Ice Houseblend,Coffee,108,2300000.0,108
SHOP003,76,Nutella Meses,-,Snacks,189,2268000.0,189
SHOP001,45,Extra Shot,Arabica,Add on,320,2240000.0,320
SHOP003,84,Susu Oat,-,Add on,209,2090000.0,209
SHOP002,81,Soft Tea,-,Tea,115,2070000.0,115
SHOP003,39,Donat Polos,-,Snacks,202,2020000.0,202
SHOP002,73,Nostaltea,-,Tea,130,1950000.0,130
SHOP001,44,Extra Shot,Houseblend,Add on,311,1866000.0,311
SHOP002,13,Banana Bread,Chocolate,Snacks,143,1716000.0,143
SHOP002,41,Espresso Arabica,Basic Espresso,Coffee,139,1668000.0,139
SHOP002,55,Gula Gula,-,Snacks,136,1632000.0,136
SHOP001,3,Air Mineral,-,Other,325,1625000.0,325
SHOP002,43,Espresso Houseblend,Basic Espresso,Coffee,134,1608000.0,134
SHOP002,40,Espresso Arabica,On The Rock,Coffee,129,1548000.0,129
SHOP003,45,Extra Shot,Arabica,Add on,215,1505000.0,215
SHOP002,42,Espresso Houseblend,On The Rock,Coffee,123,1476000.0,123
SHOP002,24,Burnt Sugar,-,Snacks,122,1464000.0,122
SHOP002,14,Banana Bread,Original,Snacks,120,1440000.0,120
SHOP002,76,Nutella Meses,-,Snacks,115,1380000.0,115
SHOP001,87,Upgrade Beans (Arabica),-,Add on,331,1324000.0,331
SHOP002,39,Donat Polos,-,Snacks,131,1310000.0,131
SHOP003,44,Extra Shot,Houseblend,Add on,207,1242000.0,207
SHOP002,84,Susu Oat,-,Add on,114,1140000.0,114
SHOP003,3,Air Mineral,-,Other,218,1090000.0,218
SHOP003,87,Upgrade Beans (Arabica),-,Add on,229,916000.0,229
SHOP002,45,Extra Shot,Arabica,Add on,116,812000.0,116
SHOP002,44,Extra Shot,Houseblend,Add on,134,804000.0,134
SHOP002,3,Air Mineral,-,Other,140,700000.0,140
SHOP002,87,Upgrade Beans (Arabica),-,Add on,138,552000.0,138
