ProductId,ProductName,Variant,Category,UnitsSold,CatalogRevenue,AllocatedRevenue,AllocatedNetRevenue,AveragePrice,Transactions,Outlets,UnitSharePercent,RevenueSharePercent
50,Friendly Coffee,Ice,Coffee,715,16445000,15824000.0,14255855.99852621,23000.0,715,3,1.1537282364900843,1.203093495205569
49,Friendly Coffee,Hot,Coffee,708,16284000,15617000.0,14069369.509394329,23000.0,708,3,1.1424329950139578,1.1873553535531707
6,Americano,Hot Arabica,Coffee,706,14120000,14120000.0,12720720.724428969,20000.0,706,3,1.1392057831636357,1.0735389378351008
11,BLACK,Houseblend,Menu Gedhe,704,14080000,14080000.0,12684684.686623959,20000.0,704,3,1.135978571313314,1.0704977510423668
65,Lemons,-,Other,702,14040000,14040000.0,12648648.64979136,20000.0,702,3,1.1327513594629919,1.0674565642496328
25,Butterscotch,-,Coffee,701,16123000,15364000.0,13841441.575664062,23000.0,701,3,1.131137753537831,1.168119847089128
37,Chocolate (Gedhe),-,Menu Gedhe,700,21000000,20040000.0,18054054.054695692,30000.0,700,3,1.12952414761267,1.5236345831597322
79,Shakencano,-,Coffee,699,14679000,14679000.0,13224324.379714461,21000.0,699,3,1.127910541687509,1.1160395232635585
75,Not Tiramisu Latte (Gedhe),-,Menu Gedhe,698,20940000,19980000.0,17999999.998275705,30000.0,698,3,1.126296935762348,1.5190728029706313
87,Upgrade Beans (Arabica),-,Add on,698,2792000,2792000.0,2515315.527831,4000.0,698,3,1.126296935762348,0.21227483813283293
61,Jasmine,Hot,Tea,697,14637000,14637000.0,13186486.545503313,21000.0,697,3,1.1246833298371872,1.1128462771311876
60,Jasmine,Ice,Tea,695,14595000,14595000.0,13148648.702514853,21000.0,695,3,1.1214561179868652,1.1096530309988168
38,Creamy Klepon,-,Other,694,16656000,15696000.0,14140540.717738483,24000.0,694,3,1.1198425120617042,1.1933616974688204
35,Chocolate,Ice,Other,693,17325000,16700000.0,15045045.260176752,25000.0,693,3,1.1182289061365434,1.2696954859664435
59,Hazelnut Latte (Gedhe),-,Menu Gedhe,692,20760000,19980000.0,18000000.00314321,30000.0,692,3,1.1166153002113826,1.5190728029706313
96,Pisang Coklat,-,Snacks,689,15158000,14520000.0,13081081.179525424,22000.0,689,3,1.1117744824358995,1.1039508057624408
91,WHITE,Houseblend,Menu Gedhe,688,20640000,19770000.0,17810810.81337326,30000.0,688,3,1.1101608765107387,1.5031065723087778
54,Green Thai Tea (Gedhe),-,Menu Gedhe,687,20610000,19980000.0,17999999.997098424,30000.0,687,3,1.1085472705855777,1.5190728029706313
5,Americano,Ice Houesblend,Coffee,686,13720000,13720000.0,12360360.363344539,20000.0,686,3,1.1069336646604166,1.0431270699077608
52,Green Apple,-,Tea,685,14385000,14385000.0,12959459.518259589,21000.0,685,3,1.1053200587352556,1.0936868003369635
62,Jus Semangka,-,Other,684,15048000,14256000.0,12843243.344438376,22000.0,684,3,1.1037064528100948,1.0838789729303964
3,Air Mineral,-,Other,683,3415000,3415000.0,3076576.8224869096,5000.0,683,3,1.1020928468849338,0.259641322429665
34,Chocolate,Hot,Other,683,17075000,16450000.0,14819820.038179608,25000.0,683,3,1.1020928468849338,1.250688068511856
56,Happy Moca,Hot,Coffee,680,20400000,19680000.0,17729729.729910173,30000.0,680,3,1.097252029109451,1.4962639020251263
92,WHITE,Arabica,Menu Gedhe,679,20370000,19530000.0,17594594.59507097,30000.0,679,3,1.09563842318429,1.4848594515523739
80,Sitrus Cafe,-,Coffee,674,16176000,15504000.0,13967567.743403444,24000.0,674,3,1.087570393558485,1.178764000863697
83,Sunset,-,Other,674,15502000,14674000.0,13219819.962681318,23000.0,674,3,1.087570393558485,1.1156593749144665
88,Vanilla Latte,-,Coffee,673,15479000,14789000.0,13323423.553742127,23000.0,673,3,1.0859567876333243,1.1244027869435769
95,Waffle,-,Snacks,672,16800000,16175000.0,14572072.287530882,25000.0,672,3,1.0843431817081632,1.2297799093118098
66,Matcha Espresso,-,Coffee,671,16775000,16075000.0,14481982.202534432,25000.0,671,3,1.0827295757830024,1.2221769423299749
8,Apple Pie Latte,-,Coffee,670,16080000,15360000.0,13837838.007619973,24000.0,670,3,1.0811159698578412,1.1678157284098547
23,Black Rice,Hot,Other,668,15364000,14835000.0,13364864.998333925,23000.0,668,3,1.0778887580075194,1.127900151755221
82,Summer,-,Tea,667,15341000,14651000.0,13199099.228525566,23000.0,667,3,1.0762751520823586,1.1139106925086446
43,Espresso Houseblend,Basic Espresso,Coffee,667,8004000,8004000.0,7210810.913889119,12000.0,667,3,1.0762751520823586,0.6085414772260727
18,Basic Latte,Ice Arabica,Coffee,666,15318000,14697000.0,13240540.67584028,23000.0,666,3,1.0746615461571973,1.1174080573202887
63,Lemon Tea,Hot,Tea,666,13986000,13986000.0,12600000.052703205,21000.0,666,3,1.0746615461571973,1.063350962079442
67,Matcha Latte,Ice,Other,665,15960000,15192000.0,13686486.648504391,24000.0,665,3,1.0730479402320365,1.1550427438803719
9,Apple Pie Latte (Gedhe),-,Menu Gedhe,664,19920000,18780000.0,16918918.917524572,30000.0,664,3,1.0714343343068755,1.4278371991886112
57,Happy Moca,Ice,Coffee,664,19920000,19350000.0,17432432.43626173,30000.0,664,3,1.0714343343068755,1.471174110985071
78,Red Liquid,-,Other,664,15272000,14421000.0,12991892.019492367,23000.0,664,3,1.0714343343068755,1.0964238684504242
89,Vanilla Latte (Gedhe),-,Menu Gedhe,663,19890000,18690000.0,16837837.840412054,30000.0,663,3,1.0698207283817147,1.42099452890496
70,Matchapresso,-,Coffee,662,16550000,15750000.0,14189189.404099375,25000.0,662,3,1.0682071224565537,1.1974672996390112
30,Cappuccino,Hot Arabica,Coffee,661,14542000,13640000.0,12288288.382701531,22000.0,661,3,1.0665935165313927,1.0370446963222928
15,Basic Latte,Hot Arabica,Coffee,659,15157000,14398000.0,12971171.29941247,23000.0,659,3,1.0633663046810709,1.094675186044602
39,Donat Polos,-,Snacks,658,6580000,6580000.0,5927927.93133477,10000.0,658,3,1.0617526987559098,0.5002752274047425
90,WHITE,-,Menu Gedhe,658,19740000,18900000.0,17027027.02902872,30000.0,658,3,1.0617526987559098,1.4369607595668135
12,BLACK,Arabica,Menu Gedhe,658,13160000,13160000.0,11855855.858358035,20000.0,658,3,1.0617526987559098,1.000550454809485
14,Banana Bread,Original,Snacks,656,7872000,7872000.0,7091891.990290775,12000.0,656,3,1.058525486905588,0.5985055608100506
53,Green Thai Tea,-,Tea,655,13755000,13755000.0,12391891.943026554,21000.0,655,3,1.056911880980427,1.0457881083514031
77,Red Apple,-,Tea,655,13755000,13755000.0,12391891.944064055,21000.0,655,3,1.056911880980427,1.0457881083514031
73,Nostaltea,-,Tea,654,9810000,9810000.0,8837838.068833668,15000.0,654,3,1.055298275055266,0.7458510609180127
40,Espresso Arabica,On The Rock,Coffee,654,7848000,7848000.0,7070270.372954575,12000.0,654,3,1.055298275055266,0.5966808487344102
27,Candy Latte,-,Coffee,653,15019000,14398000.0,12971171.304484371,23000.0,653,3,1.053684669130105,1.094675186044602
74,Not Tiramisu Latte,-,Coffee,653,15672000,14832000.0,13362162.332920654,24000.0,653,3,1.053684669130105,1.127672062745766
44,Extra Shot,Houseblend,Add on,652,3912000,3912000.0,3524324.1232049586,6000.0,652,3,1.0520710632049441,0.2974280683293849
55,Gula Gula,-,Snacks,652,7824000,7824000.0,7048648.743437924,12000.0,652,3,1.0520710632049441,0.5948561366587698
22,Black Rice,Ice,Other,652,14996000,14444000.0,13012612.738664275,23000.0,652,3,1.0520710632049441,1.098172550856246
45,Extra Shot,Arabica,Add on,651,4557000,4557000.0,4105405.2474338803,7000.0,651,3,1.0504574572797831,0.34646720536222053
21,Biru (Gedhe),-,Menu Gedhe,650,19500000,18570000.0,16729729.733078338,30000.0,650,3,1.048843851354622,1.4118709685267579
47,Friendly Coffee,Hot double shot,Coffee,650,14950000,14306000.0,12888288.422342367,23000.0,650,3,1.048843851354622,1.0876804564213138
16,Basic Latte,Ice Houseblend,Coffee,649,14927000,13961000.0,12577477.608973332,23000.0,649,3,1.047230245429461,1.061450220333983
19,Berry Cake,-,Other,648,15552000,15024000.0,13535135.29501205,24000.0,648,3,1.0456166395043003,1.142269759350889
48,Friendly Coffee,Ice double shot,Coffee,648,14904000,14352000.0,12929729.859322496,23000.0,648,3,1.0456166395043003,1.091177821232958
84,Susu Oat,-,Add on,648,6480000,6480000.0,5837837.840148232,10000.0,648,3,1.0456166395043003,0.49267226042290746
58,Hazelnut Latte,-,Coffee,648,14904000,14306000.0,12888288.41889292,23000.0,648,3,1.0456166395043003,1.0876804564213138
51,Friendly Coffee (Gedhe),-,Menu Gedhe,647,19410000,18690000.0,16837837.8356605,30000.0,647,3,1.0440030335791393,1.42099452890496
86,Thai Tea (Gedhe),-,Menu Gedhe,646,19380000,18030000.0,16243243.247101273,30000.0,646,3,1.0423894276539785,1.370814946824849
28,Candy Latte (Gedhe),-,Menu Gedhe,646,19380000,18540000.0,16702702.699583989,30000.0,646,3,1.0423894276539785,1.4095900784322075
13,Banana Bread,Chocolate,Snacks,646,7752000,7752000.0,6983783.880675569,12000.0,646,3,1.0423894276539785,0.5893820004318485
29,Cappuccino,Hot Houseblend,Coffee,644,14168000,13640000.0,12288288.38194342,22000.0,644,3,1.0391622158036564,1.0370446963222928
4,Americano,Hot Houseblend,Coffee,641,12820000,12820000.0,11549549.554544074,20000.0,641,3,1.0343213980281736,0.9747003670712459
85,Thai Tea,-,Tea,641,13461000,13461000.0,12127027.079308672,21000.0,641,3,1.0343213980281736,1.0234353854248082
41,Espresso Arabica,Basic Espresso,Coffee,640,7680000,7680000.0,6918919.015858855,12000.0,640,3,1.0327077921030126,0.5839078642049274
42,Espresso Houseblend,On The Rock,Coffee,637,7644000,7644000.0,6886486.583080876,12000.0,637,3,1.0278669743275297,0.5811707960914667
81,Soft Tea,-,Tea,635,11430000,11430000.0,10297297.194057992,18000.0,635,3,1.024639762477208,0.8690191260237395
46,Forbidden Berry,-,Other,634,15216000,14592000.0,13145946.101620179,24000.0,634,3,1.0230261565520469,1.1094249419893618
64,Lemon Tea,Ice,Tea,633,13293000,13293000.0,11975675.728923185,21000.0,633,3,1.0214125506268859,1.0106624008953256
7,Americano,Ice Arabica,Coffee,633,12660000,12660000.0,11405405.40945888,20000.0,633,3,1.0214125506268859,0.9625356199003099
69,Matcha Latte (Gedhe),-,Menu Gedhe,631,18930000,18180000.0,16378378.37506418,30000.0,631,3,1.018185338776564,1.3822193972976013
31,Cappuccino,Ice Houseblend,Coffee,630,13860000,13244000.0,11931531.61880632,22000.0,630,3,1.016571732851403,1.0069369470742262
24,Burnt Sugar,-,Snacks,629,7548000,7548000.0,6800000.097013525,12000.0,629,3,1.014958126926242,0.5738719477889052
36,Cold Brew,-,Coffee,628,15072000,14400000.0,12972973.13086513,24000.0,628,3,1.013344521001081,1.0948272453842387
94,Creamy Chocolate Cake,-,Other,627,18810000,18150000.0,16351351.351453567,30000.0,627,3,1.0117309150759202,1.379938507203051
71,Matchapresso (Gedhe),-,Menu Gedhe,626,18780000,17820000.0,16054054.056642259,30000.0,626,3,1.0101173091507591,1.3548487161629954
26,Butterscotch Latte (Gedhe),-,Menu Gedhe,624,18720000,17910000.0,16135135.132536987,30000.0,624,3,1.0068900973004373,1.3616913864466471
68,Matcha Latte,Hot,Other,624,14976000,14448000.0,13016216.382435221,24000.0,624,3,1.0068900973004373,1.0984766695355195
33,Chamomile,-,Tea,621,12420000,12420000.0,11189189.191899164,20000.0,621,3,1.0020492795249545,0.944288499143906
76,Nutella Meses,-,Snacks,621,7452000,7452000.0,6713513.603785935,12000.0,621,3,1.0020492795249545,0.5665730994863436
20,Biru,-,Coffee,621,14904000,14184000.0,12778378.540992944,24000.0,621,3,1.0020492795249545,1.0784048367034753
10,BLACK,-,Menu Gedhe,620,12400000,12400000.0,11171171.176150072,20000.0,620,3,1.0004356735997935,0.9427679057475389
32,Cappuccino,Ice Arabica,Coffee,617,13574000,12958000.0,11673873.960245373,22000.0,617,3,0.9955948558243105,0.9851924615061782
17,Basic Latte,Hot Houseblend,Coffee,614,14122000,13455000.0,12121621.743775617,23000.0,614,3,0.9907540380488278,1.022979207405898
93,Croffle,-,Snacks,609,17052000,16128000.0,14529729.626906546,28000.0,609,3,0.9826860084230229,1.2262065148303474
72,Moody,-,Tea,590,13570000,12880000.0,11603603.718880348,23000.0,590,3,0.9520274958449648,0.9792621472603468
