ProductId,ProductName,Variant,Category,UnitsSold,CatalogRevenue,AllocatedRevenue,AllocatedNetRevenue,AveragePrice,Transactions,Outlets,UnitSharePercent,RevenueSharePercent,BusinessSignal
50,Friendly Coffee,Ice,Coffee,715,16445000,15824000.0,14255855.99852621,23000.0,715,3,1.1537282364900845,1.203093495205569,High-volume product
49,Friendly Coffee,Hot,Coffee,708,16284000,15617000.0,14069369.509394327,23000.0,708,3,1.1424329950139578,1.187355353553171,High-volume product
6,Americano,Hot Arabica,Coffee,706,14120000,14120000.0,12720720.724428969,20000.0,706,3,1.1392057831636355,1.0735389378351008,High-volume product
11,BLACK,Houseblend,Menu Gedhe,704,14080000,14080000.0,12684684.68662396,20000.0,704,3,1.135978571313314,1.0704977510423668,High-volume product
65,Lemons,-,Other,702,14040000,14040000.0,12648648.64979136,20000.0,702,3,1.132751359462992,1.0674565642496328,High-volume product
25,Butterscotch,-,Coffee,701,16123000,15364000.0,13841441.575664062,23000.0,701,3,1.131137753537831,1.168119847089128,High-volume product
37,Chocolate (Gedhe),-,Menu Gedhe,700,21000000,20040000.0,18054054.05469569,30000.0,700,3,1.12952414761267,1.5236345831597322,High-volume product
79,Shakencano,-,Coffee,699,14679000,14679000.0,13224324.37971446,21000.0,699,3,1.127910541687509,1.1160395232635585,High-volume product
75,Not Tiramisu Latte (Gedhe),-,Menu Gedhe,698,20940000,19980000.0,17999999.998275705,30000.0,698,3,1.126296935762348,1.5190728029706313,High-volume product
87,Upgrade Beans (Arabica),-,Add on,698,2792000,2792000.0,2515315.527831,4000.0,698,3,1.126296935762348,0.2122748381328329,High-volume product
